{
  "condition": "alternative",
  "terms": [
    {
      "condition": "location_check",
      "predicate": {
        "block": {
          "tag": "minecraft:trapdoors",
          "state": {
            "half": "bottom",
            "open": "false"
          }
        }
      }
    },
    {
      "condition": "location_check",
      "predicate": {
        "block": {
          "blocks": [
            "minecraft:carrots",
            "minecraft:potatoes"
          ],
          "state": {
            "age": 1
          }
        }
      }
    }
  ]
}