{
  "condition": "alternative",
  "terms": [
    {
      "condition": "location_check",
      "predicate": {
        "block": {
          "blocks": [
            "minecraft:snow"
          ],
          "state": {
            "layers": 1
          }
        }
      }
    },
    {
      "condition": "location_check",
      "predicate": {
        "block": {
          "blocks": [
            "minecraft:wheat",
            "minecraft:carrots",
            "minecraft:potatoes",
            "minecraft:beetroots"
          ],
          "state": {
            "age": 0
          }
        }
      }
    },
    {
      "condition": "location_check",
      "predicate": {
        "block": {
          "tag": "minecraft:rails"
        }
      }
    },
    {
      "condition": "location_check",
      "predicate": {
        "block": {
          "blocks": [
            "minecraft:repeater",
            "minecraft:comparator"
          ]
        }
      }
    }
  ]
}