{
  "condition": "alternative",
  "terms": [
    {
      "condition": "location_check",
      "predicate": {
        "block": {
          "blocks": [
            "minecraft:snow"
          ],
          "state": {
            "layers": 6
          }
        }
      }
    },
    {
      "condition": "location_check",
      "predicate": {
        "block": {
          "blocks": [
            "minecraft:enchanting_table"
          ]
        }
      }
    },
    {
      "condition": "location_check",
      "predicate": {
        "block": {
          "blocks": [
            "minecraft:wheat"
          ],
          "state": {
            "age": 5
          }
        }
      }
    }
  ]
}