{
  "condition": "inverted",
  "term": {
    "condition": "alternative",
    "terms": [
      {
        "condition": "inverted",
        "term": {
          "condition": "value_check",
          "value": {
            "type": "score",
            "target": {
              "type": "fixed",
              "name": "consume_items"
            },
            "score": "microbuilder.settings"
          },
          "range": {
            "min": 1,
            "max": 1
          }
        }
      },
      {
        "condition": "inverted",
        "term": {
          "condition": "reference",
          "name": "microbuilder:survival_or_adventure"
        }
      }
    ]
  }
}