{
  "condition": "alternative",
  "terms": [
    {
      "condition": "location_check",
      "predicate": {
        "block": {
          "blocks": [
            "minecraft:carrots",
            "minecraft:potatoes"
          ],
          "state": {
            "age": 3
          }
        }
      }
    },
    {
      "condition": "location_check",
      "predicate": {
        "block": {
          "blocks": [
            "minecraft:nether_wart"
          ],
          "state": {
            "age": 0
          }
        }
      }
    }
  ]
}