{
  "condition": "alternative",
  "terms": [
    {
      "condition": "location_check",
      "predicate": {
        "block": {
          "blocks": [
            "minecraft:snow"
          ],
          "state": {
            "layers": 2
          }
        }
      }
    },
    {
      "condition": "location_check",
      "predicate": {
        "block": {
          "blocks": [
            "minecraft:wheat",
            "minecraft:beetroots"
          ],
          "state": {
            "age": 1
          }
        }
      }
    },
    {
      "condition": "location_check",
      "predicate": {
        "block": {
          "blocks": [
            "minecraft:carrots",
            "minecraft:potatoes"
          ],
          "state": {
            "age": 2
          }
        }
      }
    }
  ]
}