{
  "condition": "alternative",
  "terms": [
    {
      "condition": "location_check",
      "predicate": {
        "block": {
          "tag": "microbuilder:raycast/pane"
        }
      }
    },
    {
      "condition": "location_check",
      "predicate": {
        "block": {
          "tag": "minecraft:fences"
        }
      }
    },
    {
      "condition": "location_check",
      "predicate": {
        "block": {
          "tag": "minecraft:standing_signs"
        }
      }
    },
    {
      "condition": "location_check",
      "predicate": {
        "block": {
          "tag": "microbuilder:standing_banners"
        }
      }
    },
    {
      "condition": "location_check",
      "predicate": {
        "block": {
          "blocks": [
            "minecraft:sugar_cane",
            "minecraft:cactus",
            "minecraft:weeping_vines_plant",
            "minecraft:twisting_vines_plant",
            "minecraft:dragon_egg"
          ]
        }
      }
    }
  ]
}